Account Clerk ,,,,"2000+Results for ""Account Clerk Jobs in Worldwide""(43 new) "
Account Coordinator ,,,,"21000+Results for ""Account Coordinator Jobs in Worldwide""(800 new) "
Account Officer ,,,,"34000+Results for ""Account Officer Jobs in Worldwide""(1045 new) "
Account Representative ,,,,"29000+Results for ""Account Representative Jobs in Worldwide""(1024 new) "
Accountant ,,,,"38000+Results for ""Accountant Jobs in Worldwide""(910 new) "
Accounting Assistant ,,,,"12000+Results for ""Accounting Assistant Jobs in Worldwide""(348 new) "
Accounting Clerk ,,,,"37000+Results for ""Accounting Clerk Jobs in Worldwide""(860 new) "
Accounts Assistant ,,,,"10000+Results for ""Accounts Assistant Jobs in Worldwide""(294 new) "
Accounts Payable Specialist ,,,,"20000+Results for ""Accounts Payable Specialist Jobs in Worldwide""(507 new) "
Accounts Receivable Specialist ,,,,"3000+Results for ""Accounts Receivable Specialist Jobs in Worldwide""(106 new) "
Actuary ,,,,"6000+Results for ""Actuary Jobs in Worldwide""(168 new) "
Acupuncturist ,,,,"3000+Results for ""Acupuncturist Jobs in Worldwide""(1 new) "
Adjunct Professor ,,,,"1000+Results for ""Adjunct Professor Jobs in Worldwide""(4 new) "
Administrative Assistant ,,,,"37000+Results for ""Administrative Assistant Jobs in Worldwide""(923 new) "
Administrative Clerk ,,,,"22000+Results for ""Administrative Clerk Jobs in Worldwide""(601 new) "
Administrative Officer ,,,,"23000+Results for ""Administrative Officer Jobs in Worldwide""(548 new) "
Administrator ,,,,"294000+Results for ""Administrator Jobs in Worldwide""(6621 new) "
Aeronautical Engineer ,,,,"390Results for ""Aeronautical Engineer Jobs in Worldwide""(12 new) "
Aerospace Engineer ,,,,"12000+Results for ""Aerospace Engineer Jobs in Worldwide""(347 new) "
Aesthetician ,,,,"3000+Results for ""Aesthetician Jobs in Worldwide""(52 new) "
Air Traffic Controller ,,,,"61Results for ""Air Traffic Controller Jobs in Worldwide""(1 new) "
Airline Pilot ,,,,"86Results for ""Airline Pilot Jobs in Worldwide""(1 new) "
Analyst ,,,,"204000+Results for ""Analyst Jobs in Worldwide""(6363 new) "
Anesthesiologist ,,,,"649Results for ""Anesthesiologist Jobs in Worldwide""(12 new) "
Animator ,,,,"7000+Results for ""Animator Jobs in Worldwide""(227 new) "
Architect ,,,,"20000+Results for ""Architect Jobs in Worldwide""(885 new) "
Architectural Engineer ,,,,"5000+Results for ""Architectural Engineer Jobs in Worldwide""(209 new) "
Art Therapist ,,,,"2000+Results for ""Art Therapist Jobs in Worldwide""(67 new) "
Assembler ,,,,"165000+Results for ""Assembler Jobs in Worldwide""(3385 new) "
Assistant Accountant ,,,,"17000+Results for ""Assistant Accountant Jobs in Worldwide""(402 new) "
Assistant Controller ,,,,"17000+Results for ""Assistant Controller Jobs in Worldwide""(392 new) "
Astronomer ,,,,"2Results for ""Astronomer Jobs in Worldwide"" "
Astrophysicist ,,,,"1Results for ""Astrophysicist Jobs in Worldwide"" "
Athletic Trainer ,,,,"178Results for ""Athletic Trainer Jobs in Worldwide""(3 new) "
Attorney ,,,,"5000+Results for ""Attorney Jobs in Worldwide""(174 new) "
Audiologist ,,,,"818Results for ""Audiologist Jobs in Worldwide""(21 new) "
Auditor ,,,,"25000+Results for ""Auditor Jobs in Worldwide""(655 new) "
Auto Mechanic ,,,,"76000+Results for ""Auto Mechanic Jobs in Worldwide""(2380 new) "
Automotive Engineer ,,,,"10000+Results for ""Automotive Engineer Jobs in Worldwide""(386 new) "
Automotive Technician ,,,,"47000+Results for ""Automotive Technician Jobs in Worldwide""(1091 new) "
Bank Teller ,,,,"44000+Results for ""Bank Teller Jobs in Worldwide""(1849 new) "
Behavioral Therapist ,,,,"3000+Results for ""Behavioral Therapist Jobs in Worldwide""(26 new) "
Banquet Server ,,,,"2000+Results for ""Banquet Server Jobs in Worldwide""(15 new) "
Benefits Coordinator ,,,,"4000+Results for ""Benefits Coordinator Jobs in Worldwide""(84 new) "
Billing Clerk ,,,,"43000+Results for ""Billing Clerk Jobs in Worldwide""(1148 new) "
Billing Specialist ,,,,"3000+Results for ""Billing Specialist Jobs in Worldwide""(87 new) "
Biostatistician ,,,,"6000+Results for ""Biostatistician Jobs in Worldwide""(165 new) "
Board-Certified Behavior Analyst (BCBA) ,,,,"2000+Results for ""Board-Certified Behavior Analyst (BCBA) Jobs in Worldwide""(8 new) "
Bookkeeper ,,,,"35000+Results for ""Bookkeeper Jobs in Worldwide""(830 new) "
Border Patrol Agent ,,,,"157Results for ""Border Patrol Agent Jobs in Worldwide"" "
Brand Ambassador ,,,,"5000+Results for ""Brand Ambassador Jobs in Worldwide""(175 new) "
Building Maintenance Technician ,,,,"44000+Results for ""Building Maintenance Technician Jobs in Worldwide""(932 new) "
Business Analyst ,,,,"12000+Results for ""Business Analyst Jobs in Worldwide""(386 new) "
Business Consultant ,,,,"6000+Results for ""Business Consultant Jobs in Worldwide""(218 new) "
Business Intelligence Analyst ,,,,"2000+Results for ""Business Intelligence Analyst Jobs in Worldwide""(81 new) "
Business Systems Analyst ,,,,"1000+Results for ""Business Systems Analyst Jobs in Worldwide""(39 new) "
Busser ,,,,"32000+Results for ""Busser Jobs in Worldwide""(537 new) "
Buyer ,,,,"16000+Results for ""Buyer Jobs in Worldwide""(479 new) "
CNA (Certified Nursing Assistant) ,,,,"47000+Results for ""CNA (Certified Nursing Assistant) Jobs in Worldwide""(773 new) "
CNC Operator ,,,,"14000+Results for ""CNC Operator Jobs in Worldwide""(333 new) "
COA (Certified Ophthalmic Assistant) ,,,,"1000+Results for ""COA (Certified Ophthalmic Assistant) Jobs in Worldwide""(17 new) "
CPA (Certified Public Accountant) ,,,,"2000+Results for ""CPA (Certified Public Accountant) Jobs in Worldwide""(42 new) "
CTO (Chief Technology Officer) ,,,,"68Results for ""CTO (Chief Technology Officer) Jobs in Worldwide"" "
Call Center Representative ,,,,"6000+Results for ""Call Center Representative Jobs in Worldwide""(226 new) "
Car Salesperson ,,,,"12000+Results for ""Car Salesperson Jobs in Worldwide""(531 new) "
Cardiac Sonographer ,,,,"1000+Results for ""Cardiac Sonographer Jobs in Worldwide""(32 new) "
Cardiologist ,,,,"799Results for ""Cardiologist Jobs in Worldwide""(19 new) "
Caregiver ,,,,"105000+Results for ""Caregiver Jobs in Worldwide""(3911 new) "
Carpenter ,,,,"7000+Results for ""Carpenter Jobs in Worldwide""(152 new) "
Caseworker ,,,,"14000+Results for ""Caseworker Jobs in Worldwide""(275 new) "
Cashier ,,,,"83000+Results for ""Cashier Jobs in Worldwide""(2337 new) "
Caterer ,,,,"1000+Results for ""Caterer Jobs in Worldwide""(21 new) "
Certified Management Accountant ,,,,"255Results for ""Certified Management Accountant Jobs in Worldwide"" "
Charge Nurse ,,,,"15000+Results for ""Charge Nurse Jobs in Worldwide""(408 new) "
Chef ,,,,"70000+Results for ""Chef Jobs in Worldwide""(1212 new) "
Chemical Engineer ,,,,"14000+Results for ""Chemical Engineer Jobs in Worldwide""(590 new) "
Childcare Provider ,,,,"21000+Results for ""Childcare Provider Jobs in Worldwide""(326 new) "
Chiropractor ,,,,"1000+Results for ""Chiropractor Jobs in Worldwide""(11 new) "
Civil Engineer ,,,,"24000+Results for ""Civil Engineer Jobs in Worldwide""(838 new) "
Clerk ,,,,"264000+Results for ""Clerk Jobs in Worldwide""(6011 new) "
Clinical Psychologist ,,,,"7000+Results for ""Clinical Psychologist Jobs in Worldwide""(212 new) "
Clinical Social Worker ,,,,"15000+Results for ""Clinical Social Worker Jobs in Worldwide""(337 new) "
Collections Specialist ,,,,"3000+Results for ""Collections Specialist Jobs in Worldwide""(96 new) "
Computer Engineer ,,,,"34000+Results for ""Computer Engineer Jobs in Worldwide""(1599 new) "
Computer Programmer ,,,,"72000+Results for ""Computer Programmer Jobs in Worldwide""(2521 new) "
Computer Technician ,,,,"7000+Results for ""Computer Technician Jobs in Worldwide""(195 new) "
Concierge ,,,,"45000+Results for ""Concierge Jobs in Worldwide""(1106 new) "
Construction Engineer ,,,,"23000+Results for ""Construction Engineer Jobs in Worldwide""(924 new) "
Construction Superintendent ,,,,"1000+Results for ""Construction Superintendent Jobs in Worldwide""(39 new) "
Construction Worker ,,,,"49000+Results for ""Construction Worker Jobs in Worldwide""(660 new) "
Consultant ,,,,"250000+Results for ""Consultant Jobs in Worldwide""(7283 new) "
Controller ,,,,"26000+Results for ""Controller Jobs in Worldwide""(666 new) "
Cook ,,,,"43000+Results for ""Cook Jobs in Worldwide""(317 new) "
Coordinator ,,,,"293000+Results for ""Coordinator Jobs in Worldwide""(6803 new) "
Copywriter ,,,,"13000+Results for ""Copywriter Jobs in Worldwide""(315 new) "
Coroner ,,,,"547Results for ""Coroner Jobs in Worldwide""(12 new) "
Cosmetologist ,,,,"14000+Results for ""Cosmetologist Jobs in Worldwide""(217 new) "
Cost Accountant ,,,,"12000+Results for ""Cost Accountant Jobs in Worldwide""(337 new) "
Crane Operator ,,,,"3000+Results for ""Crane Operator Jobs in Worldwide""(89 new) "
Credit Analyst ,,,,"5000+Results for ""Credit Analyst Jobs in Worldwide""(199 new) "
Crew Member ,,,,"40000+Results for ""Crew Member Jobs in Worldwide""(350 new) "
Crime Scene Investigator ,,,,"3Results for ""Crime Scene Investigator Jobs in Worldwide"" "
Custodian ,,,,"23000+Results for ""Custodian Jobs in Worldwide""(1454 new) "
Customer Service Associate ,,,,"43000+Results for ""Customer Service Associate Jobs in Worldwide""(1031 new) "
Customer Service Representative ,,,,"67000+Results for ""Customer Service Representative Jobs in Worldwide""(1632 new) "
Cybersecurity Analyst ,,,,"3000+Results for ""Cybersecurity Analyst Jobs in Worldwide""(80 new) "
Data Analyst ,,,,"16000+Results for ""Data Analyst Jobs in Worldwide""(492 new) "
Data Architect ,,,,"20000+Results for ""Data Architect Jobs in Worldwide""(733 new) "
Data Entry Clerk ,,,,"28000+Results for ""Data Entry Clerk Jobs in Worldwide""(1004 new) "
Data Scientist ,,,,"94000+Results for ""Data Scientist Jobs in Worldwide""(3313 new) "
Database Administrator ,,,,"6000+Results for ""Database Administrator Jobs in Worldwide""(147 new) "
Dental Assistant ,,,,"48000+Results for ""Dental Assistant Jobs in Worldwide""(1007 new) "
Dental Hygienist ,,,,"17000+Results for ""Dental Hygienist Jobs in Worldwide""(229 new) "
Dentist ,,,,"7000+Results for ""Dentist Jobs in Worldwide""(234 new) "
Dermatologist ,,,,"4000+Results for ""Dermatologist Jobs in Worldwide""(55 new) "
Design Engineer ,,,,"42000+Results for ""Design Engineer Jobs in Worldwide""(1204 new) "
Desktop Support Specialist ,,,,"1000+Results for ""Desktop Support Specialist Jobs in Worldwide""(36 new) "
Detective ,,,,"445Results for ""Detective Jobs in Worldwide""(12 new) "
DevOps Engineer ,,,,"21000+Results for ""DevOps Engineer Jobs in Worldwide""(787 new) "
Dialysis Technician ,,,,"22000+Results for ""Dialysis Technician Jobs in Worldwide""(1098 new) "
Diesel Mechanic ,,,,"52000+Results for ""Diesel Mechanic Jobs in Worldwide""(1997 new) "
Dietary Aide ,,,,"62000+Results for ""Dietary Aide Jobs in Worldwide""(1060 new) "
Dietitian ,,,,"4000+Results for ""Dietitian Jobs in Worldwide""(85 new) "
Dispatcher ,,,,"22000+Results for ""Dispatcher Jobs in Worldwide""(494 new) "
Doctor ,,,,"53000+Results for ""Doctor Jobs in Worldwide""(1145 new) "
Dog Trainer ,,,,"2000+Results for ""Dog Trainer Jobs in Worldwide""(3 new) "
Doula ,,,,"22Results for ""Doula Jobs in Worldwide"" "
EKG Technician ,,,,"23000+Results for ""EKG Technician Jobs in Worldwide""(1104 new) "
ER Nurse ,,,,"6000+Results for ""ER Nurse Jobs in Worldwide""(157 new) "
Ecologist ,,,,"195Results for ""Ecologist Jobs in Worldwide""(7 new) "
Electrical Engineer ,,,,"25000+Results for ""Electrical Engineer Jobs in Worldwide""(973 new) "
Electrician ,,,,"57000+Results for ""Electrician Jobs in Worldwide""(1591 new) "
Elementary School Teacher ,,,,"9000+Results for ""Elementary School Teacher Jobs in Worldwide""(167 new) "
Endocrinologist ,,,,"80Results for ""Endocrinologist Jobs in Worldwide""(1 new) "
Endodontist ,,,,"1000+Results for ""Endodontist Jobs in Worldwide""(7 new) "
Enterprise Architect ,,,,"2000+Results for ""Enterprise Architect Jobs in Worldwide""(78 new) "
Environmental Engineer ,,,,"7000+Results for ""Environmental Engineer Jobs in Worldwide""(189 new) "
Esthetician ,,,,"12000+Results for ""Esthetician Jobs in Worldwide""(238 new) "
Estimator ,,,,"9000+Results for ""Estimator Jobs in Worldwide""(290 new) "
Event Planner ,,,,"639Results for ""Event Planner Jobs in Worldwide""(20 new) "
Exercise Physiologist ,,,,"1000+Results for ""Exercise Physiologist Jobs in Worldwide""(16 new) "
Expeditor ,,,,"2000+Results for ""Expeditor Jobs in Worldwide""(59 new) "
File Clerk ,,,,"21000+Results for ""File Clerk Jobs in Worldwide""(485 new) "
Financial Advisor ,,,,"5000+Results for ""Financial Advisor Jobs in Worldwide""(163 new) "
Financial Analyst ,,,,"7000+Results for ""Financial Analyst Jobs in Worldwide""(259 new) "
Financial Controller ,,,,"18000+Results for ""Financial Controller Jobs in Worldwide""(432 new) "
Financial Planner ,,,,"4000+Results for ""Financial Planner Jobs in Worldwide""(124 new) "
Firefighter ,,,,"3000+Results for ""Firefighter Jobs in Worldwide""(26 new) "
Flight Attendant ,,,,"482Results for ""Flight Attendant Jobs in Worldwide""(26 new) "
Food Server ,,,,"8000+Results for ""Food Server Jobs in Worldwide""(20 new) "
Forensic Accountant ,,,,"8000+Results for ""Forensic Accountant Jobs in Worldwide""(246 new) "
Forklift Operator ,,,,"65000+Results for ""Forklift Operator Jobs in Worldwide""(4488 new) "
Freight Broker ,,,,"4000+Results for ""Freight Broker Jobs in Worldwide""(126 new) "
Front Desk Agent ,,,,"1000+Results for ""Front Desk Agent Jobs in Worldwide""(35 new) "
Front End Developer ,,,,"29000+Results for ""Front End Developer Jobs in Worldwide""(801 new) "
Gastroenterologist ,,,,"192Results for ""Gastroenterologist Jobs in Worldwide""(3 new) "
General Counsel ,,,,"1000+Results for ""General Counsel Jobs in Worldwide""(51 new) "
Grant Writer ,,,,"341Results for ""Grant Writer Jobs in Worldwide""(12 new) "
Graphic Designer ,,,,"12000+Results for ""Graphic Designer Jobs in Worldwide""(393 new) "
Groundskeeper ,,,,"4000+Results for ""Groundskeeper Jobs in Worldwide""(56 new) "
Guidance Counselor ,,,,"234Results for ""Guidance Counselor Jobs in Worldwide""(4 new) "
Gynecologist ,,,,"3000+Results for ""Gynecologist Jobs in Worldwide""(37 new) "
HR Assistant ,,,,"13000+Results for ""HR Assistant Jobs in Worldwide""(381 new) "
HR Generalist ,,,,"3000+Results for ""HR Generalist Jobs in Worldwide""(105 new) "
Head Cashier ,,,,"34000+Results for ""Head Cashier Jobs in Worldwide""(799 new) "
Health Administrator ,,,,"3000+Results for ""Health Administrator Jobs in Worldwide""(87 new) "
Helicopter Pilot ,,,,"47Results for ""Helicopter Pilot Jobs in Worldwide""(2 new) "
Help Desk Clerk ,,,,"1000+Results for ""Help Desk Clerk Jobs in Worldwide""(34 new) "
Hematologist ,,,,"3000+Results for ""Hematologist Jobs in Worldwide""(39 new) "
High School Teacher ,,,,"51000+Results for ""High School Teacher Jobs in Worldwide""(2887 new) "
Home Health Aide ,,,,"160000+Results for ""Home Health Aide Jobs in Worldwide""(5682 new) "
Home Health Nurse ,,,,"10000+Results for ""Home Health Nurse Jobs in Worldwide""(226 new) "
IT Business Analyst ,,,,"1000+Results for ""IT Business Analyst Jobs in Worldwide""(66 new) "
IT Specialist ,,,,"16000+Results for ""IT Specialist Jobs in Worldwide""(584 new) "
IT Technician ,,,,"32000+Results for ""IT Technician Jobs in Worldwide""(584 new) "
Industrial Engineer ,,,,"16000+Results for ""Industrial Engineer Jobs in Worldwide""(785 new) "
Information Security Analyst ,,,,"1000+Results for ""Information Security Analyst Jobs in Worldwide""(36 new) "
Inside Sales Representative ,,,,"25000+Results for ""Inside Sales Representative Jobs in Worldwide""(988 new) "
Insurance Agent ,,,,"6000+Results for ""Insurance Agent Jobs in Worldwide""(200 new) "
Intelligence Analyst ,,,,"2000+Results for ""Intelligence Analyst Jobs in Worldwide""(81 new) "
Interior Designer ,,,,"5000+Results for ""Interior Designer Jobs in Worldwide""(204 new) "
Internal Auditor ,,,,"17000+Results for ""Internal Auditor Jobs in Worldwide""(416 new) "
Inventory Clerk ,,,,"4000+Results for ""Inventory Clerk Jobs in Worldwide""(71 new) "
Inventory Specialist ,,,,"3000+Results for ""Inventory Specialist Jobs in Worldwide""(128 new) "
Journalist ,,,,"6000+Results for ""Journalist Jobs in Worldwide""(216 new) "
Junior Accountant ,,,,"13000+Results for ""Junior Accountant Jobs in Worldwide""(307 new) "
Lab Assistant ,,,,"7000+Results for ""Lab Assistant Jobs in Worldwide""(425 new) "
Lab Technician ,,,,"11000+Results for ""Lab Technician Jobs in Worldwide""(665 new) "
Laboratory Scientist ,,,,"8000+Results for ""Laboratory Scientist Jobs in Worldwide""(598 new) "
Laborer ,,,,"54000+Results for ""Laborer Jobs in Worldwide""(824 new) "
Landscape Architect ,,,,"329Results for ""Landscape Architect Jobs in Worldwide""(10 new) "
Law Clerk ,,,,"4000+Results for ""Law Clerk Jobs in Worldwide""(109 new) "
Lawyer ,,,,"2000+Results for ""Lawyer Jobs in Worldwide""(209 new) "
Lead Teacher ,,,,"10000+Results for ""Lead Teacher Jobs in Worldwide""(159 new) "
Leasing Agent ,,,,"1000+Results for ""Leasing Agent Jobs in Worldwide""(28 new) "
Leasing Consultant ,,,,"1000+Results for ""Leasing Consultant Jobs in Worldwide""(25 new) "
Legal Assistant ,,,,"8000+Results for ""Legal Assistant Jobs in Worldwide""(236 new) "
Legal Nurse Consultant ,,,,"4000+Results for ""Legal Nurse Consultant Jobs in Worldwide""(143 new) "
Legal Secretary ,,,,"24000+Results for ""Legal Secretary Jobs in Worldwide""(555 new) "
Librarian ,,,,"925Results for ""Librarian Jobs in Worldwide""(19 new) "
Licensed Practical Nurse (LPN) ,,,,"41000+Results for ""Licensed Practical Nurse (LPN) Jobs in Worldwide""(1015 new) "
Life Coach ,,,,"4000+Results for ""Life Coach Jobs in Worldwide""(86 new) "
Lifeguard ,,,,"1000+Results for ""Lifeguard Jobs in Worldwide""(22 new) "
Line Cook ,,,,"15000+Results for ""Line Cook Jobs in Worldwide""(53 new) "
Loan Officer ,,,,"4000+Results for ""Loan Officer Jobs in Worldwide""(88 new) "
Loan Processor ,,,,"3000+Results for ""Loan Processor Jobs in Worldwide""(123 new) "
Lobbyist ,,,,"56Results for ""Lobbyist Jobs in Worldwide"" "
Logistics Coordinator ,,,,"3000+Results for ""Logistics Coordinator Jobs in Worldwide""(87 new) "
Logistics Specialist Coordinator ,,,,"1000+Results for ""Logistics Specialist Coordinator Jobs in Worldwide""(40 new) "
MRI Technician ,,,,"24000+Results for ""MRI Technician Jobs in Worldwide""(1087 new) "
Machine Operator ,,,,"23000+Results for ""Machine Operator Jobs in Worldwide""(898 new) "
Maintenance Technician ,,,,"152000+Results for ""Maintenance Technician Jobs in Worldwide""(4496 new) "
Makeup Artist ,,,,"2000+Results for ""Makeup Artist Jobs in Worldwide""(60 new) "
Manufacturing Engineer ,,,,"17000+Results for ""Manufacturing Engineer Jobs in Worldwide""(532 new) "
Marketing Assistant ,,,,"20000+Results for ""Marketing Assistant Jobs in Worldwide""(578 new) "
Marketing Coordinator ,,,,"19000+Results for ""Marketing Coordinator Jobs in Worldwide""(612 new) "
Marketing Intern ,,,,"6000+Results for ""Marketing Intern Jobs in Worldwide""(251 new) "
Marketing Specialist ,,,,"23000+Results for ""Marketing Specialist Jobs in Worldwide""(837 new) "
Massage Therapist ,,,,"9000+Results for ""Massage Therapist Jobs in Worldwide""(69 new) "
Material Handler ,,,,"9000+Results for ""Material Handler Jobs in Worldwide""(261 new) "
Mechanic ,,,,"219000+Results for ""Mechanic Jobs in Worldwide""(5289 new) "
Mechanical Engineer ,,,,"19000+Results for ""Mechanical Engineer Jobs in Worldwide""(477 new) "
Medical Assistant ,,,,"77000+Results for ""Medical Assistant Jobs in Worldwide""(1622 new) "
Medical Biller ,,,,"2000+Results for ""Medical Biller Jobs in Worldwide""(55 new) "
Medical Coder ,,,,"5000+Results for ""Medical Coder Jobs in Worldwide""(195 new) "
Medical Examiner ,,,,"3000+Results for ""Medical Examiner Jobs in Worldwide""(105 new) "
Medical Office Assistant ,,,,"24000+Results for ""Medical Office Assistant Jobs in Worldwide""(562 new) "
Medical Receptionist ,,,,"30000+Results for ""Medical Receptionist Jobs in Worldwide""(708 new) "
Medical Records Clerk ,,,,"38000+Results for ""Medical Records Clerk Jobs in Worldwide""(1050 new) "
Medical Scribe ,,,,"20000+Results for ""Medical Scribe Jobs in Worldwide""(491 new) "
Medical Secretary ,,,,"5000+Results for ""Medical Secretary Jobs in Worldwide""(135 new) "
Medical Technician ,,,,"47000+Results for ""Medical Technician Jobs in Worldwide""(1232 new) "
Medical Technologist ,,,,"10000+Results for ""Medical Technologist Jobs in Worldwide""(217 new) "
Medical Transcriber ,,,,"281Results for ""Medical Transcriber Jobs in Worldwide""(1 new) "
Mental Health Counselor ,,,,"38000+Results for ""Mental Health Counselor Jobs in Worldwide""(859 new) "
Merchandiser ,,,,"20000+Results for ""Merchandiser Jobs in Worldwide""(767 new) "
Midwife ,,,,"37000+Results for ""Midwife Jobs in Worldwide""(768 new) "
Millwright ,,,,"33000+Results for ""Millwright Jobs in Worldwide""(623 new) "
Mortgage Broker ,,,,"855Results for ""Mortgage Broker Jobs in Worldwide""(11 new) "
Neonatal Nurse ,,,,"6000+Results for ""Neonatal Nurse Jobs in Worldwide""(145 new) "
Neonatologist ,,,,"38Results for ""Neonatologist Jobs in Worldwide""(2 new) "
Network Administrator ,,,,"10000+Results for ""Network Administrator Jobs in Worldwide""(368 new) "
Network Engineer ,,,,"54000+Results for ""Network Engineer Jobs in Worldwide""(2302 new) "
Network Technician ,,,,"10000+Results for ""Network Technician Jobs in Worldwide""(267 new) "
Neurologist ,,,,"330Results for ""Neurologist Jobs in Worldwide""(5 new) "
Neuropsychologist ,,,,"3000+Results for ""Neuropsychologist Jobs in Worldwide""(83 new) "
Neurosurgeon ,,,,"111Results for ""Neurosurgeon Jobs in Worldwide""(1 new) "
News Anchor ,,,,"948Results for ""News Anchor Jobs in Worldwide""(54 new) "
Night Auditor ,,,,"2000+Results for ""Night Auditor Jobs in Worldwide""(69 new) "
Nuclear Engineer ,,,,"1000+Results for ""Nuclear Engineer Jobs in Worldwide""(35 new) "
Nurse ,,,,"105000+Results for ""Nurse Jobs in Worldwide""(2123 new) "
Nurse Anesthetist ,,,,"221Results for ""Nurse Anesthetist Jobs in Worldwide""(5 new) "
Nurse Educator ,,,,"5000+Results for ""Nurse Educator Jobs in Worldwide""(154 new) "
Nurse Informaticist ,,,,"9000+Results for ""Nurse Informaticist Jobs in Worldwide""(225 new) "
Nurse Practitioner ,,,,"8000+Results for ""Nurse Practitioner Jobs in Worldwide""(189 new) "
Nursing Assistant ,,,,"61000+Results for ""Nursing Assistant Jobs in Worldwide""(1222 new) "
Nutritionist ,,,,"7000+Results for ""Nutritionist Jobs in Worldwide""(84 new) "
OB-GYN ,,,,"2000+Results for ""OB-GYN Jobs in Worldwide""(63 new) "
Obstetrician ,,,,"45Results for ""Obstetrician Jobs in Worldwide""(2 new) "
Occupational Therapist ,,,,"25000+Results for ""Occupational Therapist Jobs in Worldwide""(386 new) "
Occupational Therapist Assistant ,,,,"13000+Results for ""Occupational Therapist Assistant Jobs in Worldwide""(229 new) "
Occupational Therapy Assistant ,,,,"12000+Results for ""Occupational Therapy Assistant Jobs in Worldwide""(230 new) "
Office Administrator ,,,,"24000+Results for ""Office Administrator Jobs in Worldwide""(613 new) "
Office Assistant ,,,,"108000+Results for ""Office Assistant Jobs in Worldwide""(2060 new) "
Office Clerk ,,,,"7000+Results for ""Office Clerk Jobs in Worldwide""(325 new) "
Office Coordinator ,,,,"38000+Results for ""Office Coordinator Jobs in Worldwide""(898 new) "
Oncologist ,,,,"1000+Results for ""Oncologist Jobs in Worldwide""(39 new) "
Operations Analyst ,,,,"10000+Results for ""Operations Analyst Jobs in Worldwide""(321 new) "
Operations Coordinator ,,,,"21000+Results for ""Operations Coordinator Jobs in Worldwide""(662 new) "
Ophthalmologist ,,,,"654Results for ""Ophthalmologist Jobs in Worldwide""(3 new) "
Optician ,,,,"4000+Results for ""Optician Jobs in Worldwide""(93 new) "
Optometrist ,,,,"8000+Results for ""Optometrist Jobs in Worldwide""(142 new) "
Orthodontist ,,,,"1000+Results for ""Orthodontist Jobs in Worldwide""(12 new) "
Orthopedic Surgeon ,,,,"4000+Results for ""Orthopedic Surgeon Jobs in Worldwide""(45 new) "
Outside Sales Representative ,,,,"22000+Results for ""Outside Sales Representative Jobs in Worldwide""(882 new) "
Paleontologist ,,,,"8Results for ""Paleontologist Jobs in Worldwide"" "
Paralegal ,,,,"17000+Results for ""Paralegal Jobs in Worldwide""(409 new) "
Paramedic ,,,,"8000+Results for ""Paramedic Jobs in Worldwide""(140 new) "
Park Ranger ,,,,"721Results for ""Park Ranger Jobs in Worldwide""(151 new) "
Parole Officer ,,,,"261Results for ""Parole Officer Jobs in Worldwide""(3 new) "
Pastor ,,,,"294Results for ""Pastor Jobs in Worldwide""(2 new) "
Pastry Chef ,,,,"4000+Results for ""Pastry Chef Jobs in Worldwide""(76 new) "
Pathologist ,,,,"15000+Results for ""Pathologist Jobs in Worldwide""(139 new) "
Pathology Assistant ,,,,"80000+Results for ""Pathology Assistant Jobs in Worldwide""(1463 new) "
Patient Advocate ,,,,"4000+Results for ""Patient Advocate Jobs in Worldwide""(47 new) "
Patient Care Technician ,,,,"92000+Results for ""Patient Care Technician Jobs in Worldwide""(1971 new) "
Payroll Clerk ,,,,"6000+Results for ""Payroll Clerk Jobs in Worldwide""(175 new) "
Payroll Specialist ,,,,"4000+Results for ""Payroll Specialist Jobs in Worldwide""(122 new) "
Pediatrician ,,,,"3000+Results for ""Pediatrician Jobs in Worldwide""(53 new) "
Perfusionist ,,,,"950Results for ""Perfusionist Jobs in Worldwide""(43 new) "
Personal Assistant ,,,,"113000+Results for ""Personal Assistant Jobs in Worldwide""(2389 new) "
Personal Trainer ,,,,"12000+Results for ""Personal Trainer Jobs in Worldwide""(40 new) "
Petroleum Engineer ,,,,"1000+Results for ""Petroleum Engineer Jobs in Worldwide""(56 new) "
Pharmacist ,,,,"41000+Results for ""Pharmacist Jobs in Worldwide""(619 new) "
Pharmacologist ,,,,"368Results for ""Pharmacologist Jobs in Worldwide""(31 new) "
Pharmacy Technician ,,,,"41000+Results for ""Pharmacy Technician Jobs in Worldwide""(454 new) "
Phlebotomist ,,,,"24000+Results for ""Phlebotomist Jobs in Worldwide""(625 new) "
Physical Therapist ,,,,"22000+Results for ""Physical Therapist Jobs in Worldwide""(427 new) "
Physical Therapist Assistant ,,,,"13000+Results for ""Physical Therapist Assistant Jobs in Worldwide""(264 new) "
Physical Therapy Assistant ,,,,"17000+Results for ""Physical Therapy Assistant Jobs in Worldwide""(265 new) "
Physician ,,,,"78000+Results for ""Physician Jobs in Worldwide""(1331 new) "
Physician Assistant ,,,,"23000+Results for ""Physician Assistant Jobs in Worldwide""(493 new) "
Physicist ,,,,"430Results for ""Physicist Jobs in Worldwide""(12 new) "
Physiotherapist ,,,,"17000+Results for ""Physiotherapist Jobs in Worldwide""(326 new) "
Plastic Surgeon ,,,,"435Results for ""Plastic Surgeon Jobs in Worldwide""(1 new) "
Plumber ,,,,"31000+Results for ""Plumber Jobs in Worldwide""(723 new) "
Podiatrist ,,,,"5000+Results for ""Podiatrist Jobs in Worldwide""(49 new) "
Police Officer ,,,,"2000+Results for ""Police Officer Jobs in Worldwide""(35 new) "
Porter ,,,,"11000+Results for ""Porter Jobs in Worldwide""(157 new) "
Prep Cook ,,,,"18000+Results for ""Prep Cook Jobs in Worldwide""(103 new) "
Preschool Teacher ,,,,"3000+Results for ""Preschool Teacher Jobs in Worldwide""(62 new) "
Principal ,,,,"106000+Results for ""Principal Jobs in Worldwide""(2008 new) "
Probation Officer ,,,,"304Results for ""Probation Officer Jobs in Worldwide""(4 new) "
Process Engineer ,,,,"16000+Results for ""Process Engineer Jobs in Worldwide""(739 new) "
Production Assistant ,,,,"12000+Results for ""Production Assistant Jobs in Worldwide""(218 new) "
Production Supervisor ,,,,"11000+Results for ""Production Supervisor Jobs in Worldwide""(301 new) "
Production Worker ,,,,"12000+Results for ""Production Worker Jobs in Worldwide""(302 new) "
Program Analyst ,,,,"14000+Results for ""Program Analyst Jobs in Worldwide""(407 new) "
Program Assistant ,,,,"30000+Results for ""Program Assistant Jobs in Worldwide""(736 new) "
Program Coordinator ,,,,"14000+Results for ""Program Coordinator Jobs in Worldwide""(432 new) "
Programmer Analyst ,,,,"4000+Results for ""Programmer Analyst Jobs in Worldwide""(174 new) "
Project Coordinator ,,,,"29000+Results for ""Project Coordinator Jobs in Worldwide""(1088 new) "
Project Engineer ,,,,"41000+Results for ""Project Engineer Jobs in Worldwide""(1375 new) "
Prosecutor ,,,,"1000+Results for ""Prosecutor Jobs in Worldwide""(31 new) "
Psychiatrist ,,,,"1000+Results for ""Psychiatrist Jobs in Worldwide""(12 new) "
Psychologist ,,,,"46000+Results for ""Psychologist Jobs in Worldwide""(1018 new) "
Psychotherapist ,,,,"34000+Results for ""Psychotherapist Jobs in Worldwide""(782 new) "
Publicist ,,,,"109Results for ""Publicist Jobs in Worldwide""(3 new) "
Pulmonologist ,,,,"126Results for ""Pulmonologist Jobs in Worldwide""(2 new) "
Purchasing Agent ,,,,"554Results for ""Purchasing Agent Jobs in Worldwide""(11 new) "
Purchasing Assistant ,,,,"14000+Results for ""Purchasing Assistant Jobs in Worldwide""(319 new) "
Quality Control Inspector ,,,,"513Results for ""Quality Control Inspector Jobs in Worldwide""(25 new) "
Quality Engineer ,,,,"58000+Results for ""Quality Engineer Jobs in Worldwide""(2353 new) "
Quality Inspector ,,,,"7000+Results for ""Quality Inspector Jobs in Worldwide""(222 new) "
Radiation Therapist ,,,,"1000+Results for ""Radiation Therapist Jobs in Worldwide""(44 new) "
Radiologic Technologist ,,,,"1000+Results for ""Radiologic Technologist Jobs in Worldwide""(31 new) "
Radiologist ,,,,"1000+Results for ""Radiologist Jobs in Worldwide""(38 new) "
Radiology Technician ,,,,"4000+Results for ""Radiology Technician Jobs in Worldwide""(305 new) "
Real Estate Agent ,,,,"16000+Results for ""Real Estate Agent Jobs in Worldwide""(218 new) "
Real Estate Broker ,,,,"4000+Results for ""Real Estate Broker Jobs in Worldwide""(46 new) "
Realtor ,,,,"14000+Results for ""Realtor Jobs in Worldwide""(177 new) "
Receiving Clerk ,,,,"3000+Results for ""Receiving Clerk Jobs in Worldwide""(65 new) "
Receptionist ,,,,"44000+Results for ""Receptionist Jobs in Worldwide""(961 new) "
Recruiter ,,,,"118000+Results for ""Recruiter Jobs in Worldwide""(3045 new) "
Registered Nurse (RN) ,,,,"18000+Results for ""Registered Nurse (RN) Jobs in Worldwide""(439 new) "
Reporter ,,,,"9000+Results for ""Reporter Jobs in Worldwide""(255 new) "
Resident Assistant ,,,,"20000+Results for ""Resident Assistant Jobs in Worldwide""(368 new) "
Respiratory Therapist ,,,,"12000+Results for ""Respiratory Therapist Jobs in Worldwide""(381 new) "
Restaurant Server ,,,,"8000+Results for ""Restaurant Server Jobs in Worldwide""(22 new) "
Retail Associate ,,,,"65000+Results for ""Retail Associate Jobs in Worldwide""(1342 new) "
Retail Sales Associate ,,,,"18000+Results for ""Retail Sales Associate Jobs in Worldwide""(297 new) "
Rheumatologist ,,,,"269Results for ""Rheumatologist Jobs in Worldwide""(2 new) "
Sales Assistant ,,,,"50000+Results for ""Sales Assistant Jobs in Worldwide""(1556 new) "
Sales Associate ,,,,"140000+Results for ""Sales Associate Jobs in Worldwide""(4192 new) "
Sales Clerk ,,,,"11000+Results for ""Sales Clerk Jobs in Worldwide""(281 new) "
Sales Consultant ,,,,"49000+Results for ""Sales Consultant Jobs in Worldwide""(1374 new) "
Sales Coordinator ,,,,"81000+Results for ""Sales Coordinator Jobs in Worldwide""(2228 new) "
Sales Engineer ,,,,"35000+Results for ""Sales Engineer Jobs in Worldwide""(1519 new) "
Sales Representative ,,,,"139000+Results for ""Sales Representative Jobs in Worldwide""(4312 new) "
Sales Support Specialist ,,,,"3000+Results for ""Sales Support Specialist Jobs in Worldwide""(114 new) "
Scheduler ,,,,"7000+Results for ""Scheduler Jobs in Worldwide""(222 new) "
School Bus Driver ,,,,"108000+Results for ""School Bus Driver Jobs in Worldwide""(1925 new) "
School Counselor ,,,,"799Results for ""School Counselor Jobs in Worldwide""(2 new) "
School Nurse ,,,,"18000+Results for ""School Nurse Jobs in Worldwide""(316 new) "
School Social Worker ,,,,"2000+Results for ""School Social Worker Jobs in Worldwide""(29 new) "
Scrum Master ,,,,"29000+Results for ""Scrum Master Jobs in Worldwide""(1068 new) "
Secretary ,,,,"251000+Results for ""Secretary Jobs in Worldwide""(5441 new) "
Security Guard ,,,,"26000+Results for ""Security Guard Jobs in Worldwide""(750 new) "
Security Officer ,,,,"24000+Results for ""Security Officer Jobs in Worldwide""(758 new) "
Senior Accountant ,,,,"6000+Results for ""Senior Accountant Jobs in Worldwide""(205 new) "
Server ,,,,"126000+Results for ""Server Jobs in Worldwide""(3137 new) "
Service Advisor ,,,,"16000+Results for ""Service Advisor Jobs in Worldwide""(486 new) "
Shipping Clerk ,,,,"3000+Results for ""Shipping Clerk Jobs in Worldwide""(93 new) "
Social Media Intern ,,,,"100Results for ""Social Media Intern Jobs in Worldwide""(3 new) "
Social Worker ,,,,"57000+Results for ""Social Worker Jobs in Worldwide""(1245 new) "
Software Architect ,,,,"35000+Results for ""Software Architect Jobs in Worldwide""(1659 new) "
Software Developer ,,,,"98000+Results for ""Software Developer Jobs in Worldwide""(3315 new) "
Software Engineer ,,,,"120000+Results for ""Software Engineer Jobs in Worldwide""(4353 new) "
Sonographer ,,,,"2000+Results for ""Sonographer Jobs in Worldwide""(47 new) "
Sous Chef ,,,,"19000+Results for ""Sous Chef Jobs in Worldwide""(180 new) "
Special Education Teacher ,,,,"11000+Results for ""Special Education Teacher Jobs in Worldwide""(160 new) "
Speech Pathologist ,,,,"19000+Results for ""Speech Pathologist Jobs in Worldwide""(157 new) "
Speech Therapist ,,,,"20000+Results for ""Speech Therapist Jobs in Worldwide""(165 new) "
Staff Accountant ,,,,"14000+Results for ""Staff Accountant Jobs in Worldwide""(384 new) "
State Trooper ,,,,"1000+Results for ""State Trooper Jobs in Worldwide""(18 new) "
Statistician ,,,,"5000+Results for ""Statistician Jobs in Worldwide""(169 new) "
Stockbroker ,,,,"2000+Results for ""Stockbroker Jobs in Worldwide""(25 new) "
Stocker ,,,,"25000+Results for ""Stocker Jobs in Worldwide""(751 new) "
Store Associate ,,,,"84000+Results for ""Store Associate Jobs in Worldwide""(1793 new) "
Store Clerk ,,,,"9000+Results for ""Store Clerk Jobs in Worldwide""(104 new) "
Structural Engineer ,,,,"18000+Results for ""Structural Engineer Jobs in Worldwide""(433 new) "
Surgeon ,,,,"9000+Results for ""Surgeon Jobs in Worldwide""(96 new) "
Surgical Assistant ,,,,"4000+Results for ""Surgical Assistant Jobs in Worldwide""(147 new) "
Surgical Technician ,,,,"4000+Results for ""Surgical Technician Jobs in Worldwide""(162 new) "
Surveyor ,,,,"2000+Results for ""Surveyor Jobs in Worldwide""(90 new) "
System Administrator ,,,,"18000+Results for ""System Administrator Jobs in Worldwide""(759 new) "
Systems Analyst ,,,,"8000+Results for ""Systems Analyst Jobs in Worldwide""(214 new) "
Systems Engineer ,,,,"43000+Results for ""Systems Engineer Jobs in Worldwide""(1163 new) "
Tax Preparer ,,,,"23000+Results for ""Tax Preparer Jobs in Worldwide""(564 new) "
Teacher ,,,,"97000+Results for ""Teacher Jobs in Worldwide""(3953 new) "
Teacher Assistant ,,,,"33000+Results for ""Teacher Assistant Jobs in Worldwide""(812 new) "
Teaching Assistant ,,,,"79000+Results for ""Teaching Assistant Jobs in Worldwide""(1736 new) "
Technical Support Specialist ,,,,"7000+Results for ""Technical Support Specialist Jobs in Worldwide""(165 new) "
Technical Writer ,,,,"4000+Results for ""Technical Writer Jobs in Worldwide""(126 new) "
Telemarketer ,,,,"2000+Results for ""Telemarketer Jobs in Worldwide""(50 new) "
Toxicologist ,,,,"1000+Results for ""Toxicologist Jobs in Worldwide""(468 new) "
Training Coordinator ,,,,"5000+Results for ""Training Coordinator Jobs in Worldwide""(152 new) "
Travel Agent ,,,,"847Results for ""Travel Agent Jobs in Worldwide""(21 new) "
Treasurer ,,,,"156Results for ""Treasurer Jobs in Worldwide""(2 new) "
UX Designer ,,,,"5000+Results for ""UX Designer Jobs in Worldwide""(130 new) "
Ultrasound Technician ,,,,"1000+Results for ""Ultrasound Technician Jobs in Worldwide""(25 new) "
Underwriter ,,,,"6000+Results for ""Underwriter Jobs in Worldwide""(205 new) "
Urban Planner ,,,,"135Results for ""Urban Planner Jobs in Worldwide""(3 new) "
Urologist ,,,,"2000+Results for ""Urologist Jobs in Worldwide""(38 new) "
Vascular Surgeon ,,,,"420Results for ""Vascular Surgeon Jobs in Worldwide""(2 new) "
Veterinarian ,,,,"9000+Results for ""Veterinarian Jobs in Worldwide""(86 new) "
Veterinary Assistant ,,,,"16000+Results for ""Veterinary Assistant Jobs in Worldwide""(255 new) "
Veterinary Technician ,,,,"7000+Results for ""Veterinary Technician Jobs in Worldwide""(72 new) "
Warehouse Worker ,,,,"30000+Results for ""Warehouse Worker Jobs in Worldwide""(1066 new) "
Web Designer ,,,,"21000+Results for ""Web Designer Jobs in Worldwide""(526 new) "
Web Developer ,,,,"38000+Results for ""Web Developer Jobs in Worldwide""(1310 new) "
Wedding Planner ,,,,"246Results for ""Wedding Planner Jobs in Worldwide""(5 new) "
