40,000+Results for "Crew Member Jobs in Worldwide"(350 new) 
3Results for "Crime Scene Investigator Jobs in Worldwide" 
23,000+Results for "Custodian Jobs in Worldwide"(1,454 new) 
43,000+Results for "Customer Service Associate Jobs in Worldwide"(1,031 new) 
67,000+Results for "Customer Service Representative Jobs in Worldwide"(1,632 new) 
3,000+Results for "Cybersecurity Analyst Jobs in Worldwide"(80 new) 
16,000+Results for "Data Analyst Jobs in Worldwide"(492 new) 
20,000+Results for "Data Architect Jobs in Worldwide"(733 new) 
28,000+Results for "Data Entry Clerk Jobs in Worldwide"(1,004 new) 
94,000+Results for "Data Scientist Jobs in Worldwide"(3,313 new) 
6,000+Results for "Database Administrator Jobs in Worldwide"(147 new) 
48,000+Results for "Dental Assistant Jobs in Worldwide"(1,007 new) 
17,000+Results for "Dental Hygienist Jobs in Worldwide"(229 new) 
7,000+Results for "Dentist Jobs in Worldwide"(234 new) 
4,000+Results for "Dermatologist Jobs in Worldwide"(55 new) 
42,000+Results for "Design Engineer Jobs in Worldwide"(1,204 new) 
1,000+Results for "Desktop Support Specialist Jobs in Worldwide"(36 new) 
445Results for "Detective Jobs in Worldwide"(12 new) 
21,000+Results for "DevOps Engineer Jobs in Worldwide"(787 new) 
22,000+Results for "Dialysis Technician Jobs in Worldwide"(1,098 new) 
52,000+Results for "Diesel Mechanic Jobs in Worldwide"(1,997 new) 
62,000+Results for "Dietary Aide Jobs in Worldwide"(1,060 new) 
4,000+Results for "Dietitian Jobs in Worldwide"(85 new) 
22,000+Results for "Dispatcher Jobs in Worldwide"(494 new) 
53,000+Results for "Doctor Jobs in Worldwide"(1,145 new) 
2,000+Results for "Dog Trainer Jobs in Worldwide"(3 new) 
22Results for "Doula Jobs in Worldwide" 
23,000+Results for "EKG Technician Jobs in Worldwide"(1,104 new) 
6,000+Results for "ER Nurse Jobs in Worldwide"(157 new) 
195Results for "Ecologist Jobs in Worldwide"(7 new) 
25,000+Results for "Electrical Engineer Jobs in Worldwide"(973 new) 
57,000+Results for "Electrician Jobs in Worldwide"(1,591 new) 
9,000+Results for "Elementary School Teacher Jobs in Worldwide"(167 new) 
80Results for "Endocrinologist Jobs in Worldwide"(1 new) 
1,000+Results for "Endodontist Jobs in Worldwide"(7 new) 
2,000+Results for "Enterprise Architect Jobs in Worldwide"(78 new) 
7,000+Results for "Environmental Engineer Jobs in Worldwide"(189 new) 
12,000+Results for "Esthetician Jobs in Worldwide"(238 new) 
9,000+Results for "Estimator Jobs in Worldwide"(290 new) 
639Results for "Event Planner Jobs in Worldwide"(20 new) 
1,000+Results for "Exercise Physiologist Jobs in Worldwide"(16 new) 
2,000+Results for "Expeditor Jobs in Worldwide"(59 new) 
21,000+Results for "File Clerk Jobs in Worldwide"(485 new) 
5,000+Results for "Financial Advisor Jobs in Worldwide"(163 new) 
7,000+Results for "Financial Analyst Jobs in Worldwide"(259 new) 
18,000+Results for "Financial Controller Jobs in Worldwide"(432 new) 
4,000+Results for "Financial Planner Jobs in Worldwide"(124 new) 
3,000+Results for "Firefighter Jobs in Worldwide"(26 new) 
482Results for "Flight Attendant Jobs in Worldwide"(26 new) 
8,000+Results for "Food Server Jobs in Worldwide"(20 new) 
8,000+Results for "Forensic Accountant Jobs in Worldwide"(246 new) 
65,000+Results for "Forklift Operator Jobs in Worldwide"(4,488 new) 
4,000+Results for "Freight Broker Jobs in Worldwide"(126 new) 
1,000+Results for "Front Desk Agent Jobs in Worldwide"(35 new) 
29,000+Results for "Front End Developer Jobs in Worldwide"(801 new) 
192Results for "Gastroenterologist Jobs in Worldwide"(3 new) 
1,000+Results for "General Counsel Jobs in Worldwide"(51 new) 
341Results for "Grant Writer Jobs in Worldwide"(12 new) 
12,000+Results for "Graphic Designer Jobs in Worldwide"(393 new) 
4,000+Results for "Groundskeeper Jobs in Worldwide"(56 new) 
234Results for "Guidance Counselor Jobs in Worldwide"(4 new) 
3,000+Results for "Gynecologist Jobs in Worldwide"(37 new) 
13,000+Results for "HR Assistant Jobs in Worldwide"(381 new) 
3,000+Results for "HR Generalist Jobs in Worldwide"(105 new) 
34,000+Results for "Head Cashier Jobs in Worldwide"(799 new) 
3,000+Results for "Health Administrator Jobs in Worldwide"(87 new) 
47Results for "Helicopter Pilot Jobs in Worldwide"(2 new) 
1,000+Results for "Help Desk Clerk Jobs in Worldwide"(34 new) 
3,000+Results for "Hematologist Jobs in Worldwide"(39 new) 
51,000+Results for "High School Teacher Jobs in Worldwide"(2,887 new) 
160,000+Results for "Home Health Aide Jobs in Worldwide"(5,682 new) 
10,000+Results for "Home Health Nurse Jobs in Worldwide"(226 new) 
1,000+Results for "IT Business Analyst Jobs in Worldwide"(66 new) 
16,000+Results for "IT Specialist Jobs in Worldwide"(584 new) 
32,000+Results for "IT Technician Jobs in Worldwide"(584 new) 
16,000+Results for "Industrial Engineer Jobs in Worldwide"(785 new) 
1,000+Results for "Information Security Analyst Jobs in Worldwide"(36 new) 
25,000+Results for "Inside Sales Representative Jobs in Worldwide"(988 new) 
6,000+Results for "Insurance Agent Jobs in Worldwide"(200 new) 
2,000+Results for "Intelligence Analyst Jobs in Worldwide"(81 new) 
5,000+Results for "Interior Designer Jobs in Worldwide"(204 new) 
17,000+Results for "Internal Auditor Jobs in Worldwide"(416 new) 
4,000+Results for "Inventory Clerk Jobs in Worldwide"(71 new) 
3,000+Results for "Inventory Specialist Jobs in Worldwide"(128 new) 
6,000+Results for "Journalist Jobs in Worldwide"(216 new) 
13,000+Results for "Junior Accountant Jobs in Worldwide"(307 new) 
7,000+Results for "Lab Assistant Jobs in Worldwide"(425 new) 
11,000+Results for "Lab Technician Jobs in Worldwide"(665 new) 
8,000+Results for "Laboratory Scientist Jobs in Worldwide"(598 new) 
54,000+Results for "Laborer Jobs in Worldwide"(824 new) 
329Results for "Landscape Architect Jobs in Worldwide"(10 new) 
4,000+Results for "Law Clerk Jobs in Worldwide"(109 new) 
2,000+Results for "Lawyer Jobs in Worldwide"(209 new) 
10,000+Results for "Lead Teacher Jobs in Worldwide"(159 new) 
1,000+Results for "Leasing Agent Jobs in Worldwide"(28 new) 
1,000+Results for "Leasing Consultant Jobs in Worldwide"(25 new) 
8,000+Results for "Legal Assistant Jobs in Worldwide"(236 new) 
4,000+Results for "Legal Nurse Consultant Jobs in Worldwide"(143 new) 
24,000+Results for "Legal Secretary Jobs in Worldwide"(555 new) 
925Results for "Librarian Jobs in Worldwide"(19 new) 
41,000+Results for "Licensed Practical Nurse (LPN) Jobs in Worldwide"(1,015 new) 
4,000+Results for "Life Coach Jobs in Worldwide"(86 new) 
1,000+Results for "Lifeguard Jobs in Worldwide"(22 new) 
15,000+Results for "Line Cook Jobs in Worldwide"(53 new) 
4,000+Results for "Loan Officer Jobs in Worldwide"(88 new) 
3,000+Results for "Loan Processor Jobs in Worldwide"(123 new) 
56Results for "Lobbyist Jobs in Worldwide" 
3,000+Results for "Logistics Coordinator Jobs in Worldwide"(87 new) 
1,000+Results for "Logistics Specialist Coordinator Jobs in Worldwide"(40 new) 
24,000+Results for "MRI Technician Jobs in Worldwide"(1,087 new) 
23,000+Results for "Machine Operator Jobs in Worldwide"(898 new) 
152,000+Results for "Maintenance Technician Jobs in Worldwide"(4,496 new) 
2,000+Results for "Makeup Artist Jobs in Worldwide"(60 new) 
17,000+Results for "Manufacturing Engineer Jobs in Worldwide"(532 new) 
20,000+Results for "Marketing Assistant Jobs in Worldwide"(578 new) 
19,000+Results for "Marketing Coordinator Jobs in Worldwide"(612 new) 
6,000+Results for "Marketing Intern Jobs in Worldwide"(251 new) 
23,000+Results for "Marketing Specialist Jobs in Worldwide"(837 new) 
9,000+Results for "Massage Therapist Jobs in Worldwide"(69 new) 
9,000+Results for "Material Handler Jobs in Worldwide"(261 new) 
219,000+Results for "Mechanic Jobs in Worldwide"(5,289 new) 
19,000+Results for "Mechanical Engineer Jobs in Worldwide"(477 new) 
77,000+Results for "Medical Assistant Jobs in Worldwide"(1,622 new) 
2,000+Results for "Medical Biller Jobs in Worldwide"(55 new) 
5,000+Results for "Medical Coder Jobs in Worldwide"(195 new) 
3,000+Results for "Medical Examiner Jobs in Worldwide"(105 new) 
24,000+Results for "Medical Office Assistant Jobs in Worldwide"(562 new) 
30,000+Results for "Medical Receptionist Jobs in Worldwide"(708 new) 
38,000+Results for "Medical Records Clerk Jobs in Worldwide"(1,050 new) 
20,000+Results for "Medical Scribe Jobs in Worldwide"(491 new) 
5,000+Results for "Medical Secretary Jobs in Worldwide"(135 new) 
47,000+Results for "Medical Technician Jobs in Worldwide"(1,232 new) 
10,000+Results for "Medical Technologist Jobs in Worldwide"(217 new) 
281Results for "Medical Transcriber Jobs in Worldwide"(1 new) 
38,000+Results for "Mental Health Counselor Jobs in Worldwide"(859 new) 
20,000+Results for "Merchandiser Jobs in Worldwide"(767 new) 
37,000+Results for "Midwife Jobs in Worldwide"(768 new) 
33,000+Results for "Millwright Jobs in Worldwide"(623 new) 
855Results for "Mortgage Broker Jobs in Worldwide"(11 new) 
6,000+Results for "Neonatal Nurse Jobs in Worldwide"(145 new) 
38Results for "Neonatologist Jobs in Worldwide"(2 new) 
10,000+Results for "Network Administrator Jobs in Worldwide"(368 new) 
54,000+Results for "Network Engineer Jobs in Worldwide"(2,302 new) 
10,000+Results for "Network Technician Jobs in Worldwide"(267 new) 
330Results for "Neurologist Jobs in Worldwide"(5 new) 
3,000+Results for "Neuropsychologist Jobs in Worldwide"(83 new) 
111Results for "Neurosurgeon Jobs in Worldwide"(1 new) 
948Results for "News Anchor Jobs in Worldwide"(54 new) 
2,000+Results for "Night Auditor Jobs in Worldwide"(69 new) 
1,000+Results for "Nuclear Engineer Jobs in Worldwide"(35 new) 
105,000+Results for "Nurse Jobs in Worldwide"(2,123 new) 
221Results for "Nurse Anesthetist Jobs in Worldwide"(5 new) 
5,000+Results for "Nurse Educator Jobs in Worldwide"(154 new) 
9,000+Results for "Nurse Informaticist Jobs in Worldwide"(225 new) 
8,000+Results for "Nurse Practitioner Jobs in Worldwide"(189 new) 
61,000+Results for "Nursing Assistant Jobs in Worldwide"(1,222 new) 
7,000+Results for "Nutritionist Jobs in Worldwide"(84 new) 
2,000+Results for "OB-GYN Jobs in Worldwide"(63 new) 
45Results for "Obstetrician Jobs in Worldwide"(2 new) 
25,000+Results for "Occupational Therapist Jobs in Worldwide"(386 new) 
13,000+Results for "Occupational Therapist Assistant Jobs in Worldwide"(229 new) 
12,000+Results for "Occupational Therapy Assistant Jobs in Worldwide"(230 new) 
24,000+Results for "Office Administrator Jobs in Worldwide"(613 new) 
108,000+Results for "Office Assistant Jobs in Worldwide"(2,060 new) 
7,000+Results for "Office Clerk Jobs in Worldwide"(325 new) 
38,000+Results for "Office Coordinator Jobs in Worldwide"(898 new) 
1,000+Results for "Oncologist Jobs in Worldwide"(39 new) 
10,000+Results for "Operations Analyst Jobs in Worldwide"(321 new) 
21,000+Results for "Operations Coordinator Jobs in Worldwide"(662 new) 
654Results for "Ophthalmologist Jobs in Worldwide"(3 new) 
4,000+Results for "Optician Jobs in Worldwide"(93 new) 
8,000+Results for "Optometrist Jobs in Worldwide"(142 new) 
1,000+Results for "Orthodontist Jobs in Worldwide"(12 new) 
4,000+Results for "Orthopedic Surgeon Jobs in Worldwide"(45 new) 
22,000+Results for "Outside Sales Representative Jobs in Worldwide"(882 new) 
8Results for "Paleontologist Jobs in Worldwide" 
17,000+Results for "Paralegal Jobs in Worldwide"(409 new) 
8,000+Results for "Paramedic Jobs in Worldwide"(140 new) 
721Results for "Park Ranger Jobs in Worldwide"(151 new) 
261Results for "Parole Officer Jobs in Worldwide"(3 new) 
294Results for "Pastor Jobs in Worldwide"(2 new) 
4,000+Results for "Pastry Chef Jobs in Worldwide"(76 new) 
15,000+Results for "Pathologist Jobs in Worldwide"(139 new) 
80,000+Results for "Pathology Assistant Jobs in Worldwide"(1,463 new) 
4,000+Results for "Patient Advocate Jobs in Worldwide"(47 new) 
92,000+Results for "Patient Care Technician Jobs in Worldwide"(1,971 new) 
6,000+Results for "Payroll Clerk Jobs in Worldwide"(175 new) 
4,000+Results for "Payroll Specialist Jobs in Worldwide"(122 new) 
3,000+Results for "Pediatrician Jobs in Worldwide"(53 new) 
950Results for "Perfusionist Jobs in Worldwide"(43 new) 
113,000+Results for "Personal Assistant Jobs in Worldwide"(2,389 new) 
12,000+Results for "Personal Trainer Jobs in Worldwide"(40 new) 
1,000+Results for "Petroleum Engineer Jobs in Worldwide"(56 new) 
41,000+Results for "Pharmacist Jobs in Worldwide"(619 new) 
368Results for "Pharmacologist Jobs in Worldwide"(31 new) 
41,000+Results for "Pharmacy Technician Jobs in Worldwide"(454 new) 
24,000+Results for "Phlebotomist Jobs in Worldwide"(625 new) 
22,000+Results for "Physical Therapist Jobs in Worldwide"(427 new) 
13,000+Results for "Physical Therapist Assistant Jobs in Worldwide"(264 new) 
17,000+Results for "Physical Therapy Assistant Jobs in Worldwide"(265 new) 
78,000+Results for "Physician Jobs in Worldwide"(1,331 new) 
23,000+Results for "Physician Assistant Jobs in Worldwide"(493 new) 
430Results for "Physicist Jobs in Worldwide"(12 new) 
17,000+Results for "Physiotherapist Jobs in Worldwide"(326 new) 
435Results for "Plastic Surgeon Jobs in Worldwide"(1 new) 
31,000+Results for "Plumber Jobs in Worldwide"(723 new) 
5,000+Results for "Podiatrist Jobs in Worldwide"(49 new) 
2,000+Results for "Police Officer Jobs in Worldwide"(35 new) 
11,000+Results for "Porter Jobs in Worldwide"(157 new) 
18,000+Results for "Prep Cook Jobs in Worldwide"(103 new) 
3,000+Results for "Preschool Teacher Jobs in Worldwide"(62 new) 
106,000+Results for "Principal Jobs in Worldwide"(2,008 new) 
304Results for "Probation Officer Jobs in Worldwide"(4 new) 
16,000+Results for "Process Engineer Jobs in Worldwide"(739 new) 
12,000+Results for "Production Assistant Jobs in Worldwide"(218 new) 
11,000+Results for "Production Supervisor Jobs in Worldwide"(301 new) 
12,000+Results for "Production Worker Jobs in Worldwide"(302 new) 
14,000+Results for "Program Analyst Jobs in Worldwide"(407 new) 
30,000+Results for "Program Assistant Jobs in Worldwide"(736 new) 
14,000+Results for "Program Coordinator Jobs in Worldwide"(432 new) 
4,000+Results for "Programmer Analyst Jobs in Worldwide"(174 new) 
29,000+Results for "Project Coordinator Jobs in Worldwide"(1,088 new) 
41,000+Results for "Project Engineer Jobs in Worldwide"(1,375 new) 
1,000+Results for "Prosecutor Jobs in Worldwide"(31 new) 
1,000+Results for "Psychiatrist Jobs in Worldwide"(12 new) 
46,000+Results for "Psychologist Jobs in Worldwide"(1,018 new) 
34,000+Results for "Psychotherapist Jobs in Worldwide"(782 new) 
109Results for "Publicist Jobs in Worldwide"(3 new) 
126Results for "Pulmonologist Jobs in Worldwide"(2 new) 
554Results for "Purchasing Agent Jobs in Worldwide"(11 new) 
14,000+Results for "Purchasing Assistant Jobs in Worldwide"(319 new) 
513Results for "Quality Control Inspector Jobs in Worldwide"(25 new) 
58,000+Results for "Quality Engineer Jobs in Worldwide"(2,353 new) 
7,000+Results for "Quality Inspector Jobs in Worldwide"(222 new) 
1,000+Results for "Radiation Therapist Jobs in Worldwide"(44 new) 
1,000+Results for "Radiologic Technologist Jobs in Worldwide"(31 new) 
1,000+Results for "Radiologist Jobs in Worldwide"(38 new) 
4,000+Results for "Radiology Technician Jobs in Worldwide"(305 new) 
16,000+Results for "Real Estate Agent Jobs in Worldwide"(218 new) 
4,000+Results for "Real Estate Broker Jobs in Worldwide"(46 new) 
14,000+Results for "Realtor Jobs in Worldwide"(177 new) 
3,000+Results for "Receiving Clerk Jobs in Worldwide"(65 new) 
44,000+Results for "Receptionist Jobs in Worldwide"(961 new) 
118,000+Results for "Recruiter Jobs in Worldwide"(3,045 new) 
18,000+Results for "Registered Nurse (RN) Jobs in Worldwide"(439 new) 
9,000+Results for "Reporter Jobs in Worldwide"(255 new) 
20,000+Results for "Resident Assistant Jobs in Worldwide"(368 new) 
12,000+Results for "Respiratory Therapist Jobs in Worldwide"(381 new) 
8,000+Results for "Restaurant Server Jobs in Worldwide"(22 new) 
65,000+Results for "Retail Associate Jobs in Worldwide"(1,342 new) 
18,000+Results for "Retail Sales Associate Jobs in Worldwide"(297 new) 
269Results for "Rheumatologist Jobs in Worldwide"(2 new) 
50,000+Results for "Sales Assistant Jobs in Worldwide"(1,556 new) 
140,000+Results for "Sales Associate Jobs in Worldwide"(4,192 new) 
11,000+Results for "Sales Clerk Jobs in Worldwide"(281 new) 
49,000+Results for "Sales Consultant Jobs in Worldwide"(1,374 new) 
81,000+Results for "Sales Coordinator Jobs in Worldwide"(2,228 new) 
35,000+Results for "Sales Engineer Jobs in Worldwide"(1,519 new) 
139,000+Results for "Sales Representative Jobs in Worldwide"(4,312 new) 
3,000+Results for "Sales Support Specialist Jobs in Worldwide"(114 new) 
7,000+Results for "Scheduler Jobs in Worldwide"(222 new) 
108,000+Results for "School Bus Driver Jobs in Worldwide"(1,925 new) 
799Results for "School Counselor Jobs in Worldwide"(2 new) 
18,000+Results for "School Nurse Jobs in Worldwide"(316 new) 
2,000+Results for "School Social Worker Jobs in Worldwide"(29 new) 
29,000+Results for "Scrum Master Jobs in Worldwide"(1,068 new) 
251,000+Results for "Secretary Jobs in Worldwide"(5,441 new) 
26,000+Results for "Security Guard Jobs in Worldwide"(750 new) 
24,000+Results for "Security Officer Jobs in Worldwide"(758 new) 
6,000+Results for "Senior Accountant Jobs in Worldwide"(205 new) 
126,000+Results for "Server Jobs in Worldwide"(3,137 new) 
16,000+Results for "Service Advisor Jobs in Worldwide"(486 new) 
3,000+Results for "Shipping Clerk Jobs in Worldwide"(93 new) 
100Results for "Social Media Intern Jobs in Worldwide"(3 new) 
57,000+Results for "Social Worker Jobs in Worldwide"(1,245 new) 
35,000+Results for "Software Architect Jobs in Worldwide"(1,659 new) 
98,000+Results for "Software Developer Jobs in Worldwide"(3,315 new) 
120,000+Results for "Software Engineer Jobs in Worldwide"(4,353 new) 
2,000+Results for "Sonographer Jobs in Worldwide"(47 new) 
19,000+Results for "Sous Chef Jobs in Worldwide"(180 new) 
11,000+Results for "Special Education Teacher Jobs in Worldwide"(160 new) 
19,000+Results for "Speech Pathologist Jobs in Worldwide"(157 new) 
20,000+Results for "Speech Therapist Jobs in Worldwide"(165 new) 
14,000+Results for "Staff Accountant Jobs in Worldwide"(384 new) 
1,000+Results for "State Trooper Jobs in Worldwide"(18 new) 
5,000+Results for "Statistician Jobs in Worldwide"(169 new) 
2,000+Results for "Stockbroker Jobs in Worldwide"(25 new) 
25,000+Results for "Stocker Jobs in Worldwide"(751 new) 
84,000+Results for "Store Associate Jobs in Worldwide"(1,793 new) 
9,000+Results for "Store Clerk Jobs in Worldwide"(104 new) 
18,000+Results for "Structural Engineer Jobs in Worldwide"(433 new) 
9,000+Results for "Surgeon Jobs in Worldwide"(96 new) 
4,000+Results for "Surgical Assistant Jobs in Worldwide"(147 new) 
4,000+Results for "Surgical Technician Jobs in Worldwide"(162 new) 
2,000+Results for "Surveyor Jobs in Worldwide"(90 new) 
18,000+Results for "System Administrator Jobs in Worldwide"(759 new) 
8,000+Results for "Systems Analyst Jobs in Worldwide"(214 new) 
43,000+Results for "Systems Engineer Jobs in Worldwide"(1,163 new) 
23,000+Results for "Tax Preparer Jobs in Worldwide"(564 new) 
97,000+Results for "Teacher Jobs in Worldwide"(3,953 new) 
33,000+Results for "Teacher Assistant Jobs in Worldwide"(812 new) 
79,000+Results for "Teaching Assistant Jobs in Worldwide"(1,736 new) 
7,000+Results for "Technical Support Specialist Jobs in Worldwide"(165 new) 
4,000+Results for "Technical Writer Jobs in Worldwide"(126 new) 
2,000+Results for "Telemarketer Jobs in Worldwide"(50 new) 
1,000+Results for "Toxicologist Jobs in Worldwide"(468 new) 
5,000+Results for "Training Coordinator Jobs in Worldwide"(152 new) 
847Results for "Travel Agent Jobs in Worldwide"(21 new) 
156Results for "Treasurer Jobs in Worldwide"(2 new) 
5,000+Results for "UX Designer Jobs in Worldwide"(130 new) 
1,000+Results for "Ultrasound Technician Jobs in Worldwide"(25 new) 
6,000+Results for "Underwriter Jobs in Worldwide"(205 new) 
135Results for "Urban Planner Jobs in Worldwide"(3 new) 
2,000+Results for "Urologist Jobs in Worldwide"(38 new) 
420Results for "Vascular Surgeon Jobs in Worldwide"(2 new) 
9,000+Results for "Veterinarian Jobs in Worldwide"(86 new) 
16,000+Results for "Veterinary Assistant Jobs in Worldwide"(255 new) 
7,000+Results for "Veterinary Technician Jobs in Worldwide"(72 new) 
30,000+Results for "Warehouse Worker Jobs in Worldwide"(1,066 new) 
21,000+Results for "Web Designer Jobs in Worldwide"(526 new) 
38,000+Results for "Web Developer Jobs in Worldwide"(1,310 new) 
246Results for "Wedding Planner Jobs in Worldwide"(5 new) 
